first_name,last_name,email
John,Smith,john.smith@email.com
Mary,Johnson,mary.johnson@email.com
Robert,Williams,robert.williams@email.com
Patricia,Brown,patricia.brown@email.com
Michael,Jones,michael.jones@email.com
Jennifer,Garcia,jennifer.garcia@email.com
William,Miller,william.miller@email.com
Linda,Davis,linda.davis@email.com
David,Rodriguez,david.rodriguez@email.com
Barbara,Martinez,barbara.martinez@email.com
Richard,Hernandez,richard.hernandez@email.com
Susan,Lopez,susan.lopez@email.com
Joseph,Gonzalez,joseph.gonzalez@email.com
Jessica,Wilson,jessica.wilson@email.com
Thomas,Anderson,thomas.anderson@email.com
Sarah,Thomas,sarah.thomas@email.com
Charles,Taylor,charles.taylor@email.com
Karen,Moore,karen.moore@email.com
Christopher,Jackson,christopher.jackson@email.com
Nancy,Martin,nancy.martin@email.com